CustomerID,PredictedChurn,ChurnProbability
4376-KFVRS,0,0.0011143289
2754-SDJRD,1,0.9146486
9917-KWRBE,0,0.05166282
0365-GXEZS,0,0.33571544
9385-NXKDA,0,0.00084613747
4686-UXDML,1,0.57216245
2227-JRSJX,0,0.39689037
4830-FAXFM,0,0.08424906
1830-IPXVJ,0,0.0078465585
4690-LLKUA,0,0.3634742
5804-HYIEZ,0,0.09852782
2388-LAESQ,0,0.008280102
5533-RJFTJ,0,0.031274904
4706-AXVKM,1,0.74445623
0997-YTLNY,0,0.08002364
7971-HLVXI,0,0.02868167
7337-CINUD,0,0.007695473
1379-FRVEB,1,0.7942644
4753-PADAS,0,0.4024618
5701-GUXDC,0,0.015446241
7235-NXZCP,1,0.8860983
0668-OGMHD,0,0.48972276
2812-REYAT,0,0.0020796075
8779-YIQQA,0,0.027794097
9701-CDXHR,0,0.17994832
7130-CTCUS,0,0.1786407
1894-IGFSG,1,0.7255613
0871-URUWO,0,0.45287788
0057-QBUQH,0,0.007542378
9611-CTWIH,1,0.7616142
8058-DMYRU,0,0.27964666
5351-QESIO,0,0.4835626
4302-ZYFEL,0,0.0003499248
6134-KWTBV,0,0.0042513865
2034-GDRCN,1,0.9637906
9544-PYPSJ,0,0.034520052
4208-UFFGW,0,0.1383143
9537-JALFH,0,0.00056649954
4415-IJZTP,1,0.9600786
4701-MLJPN,0,0.031260844
7515-LODFU,0,0.0010190352
4927-WWOOZ,1,0.8963812
4067-HLYQI,1,0.87452984
6184-DYUOB,0,0.132531
9209-NWPGU,0,0.02038422
9851-KIELU,1,0.58486235
3199-XGZCY,1,0.58467585
4226-KKDON,0,0.13118869
1085-LDWAM,0,0.00062111154
6825-UYPFK,0,0.33255854
1767-CJKBA,0,0.0040679253
7181-BQYBV,1,0.9768819
0178-CIIKR,0,0.27129212
4256-ZWTZI,1,0.7092096
9537-VHDTA,0,0.14785694
2754-XBHTB,1,0.62071794
5975-BAICR,0,0.03651858
3301-VKTGC,0,0.022739898
2877-VDUER,0,0.014852915
7717-BICXI,0,0.0045543127
0562-FGDCR,0,0.00014565284
3705-PSNGL,0,0.0016856046
0048-LUMLS,0,0.13051113
6497-TILVL,0,0.20148042
2108-YKQTY,0,0.2666748
3658-KIBGF,1,0.5532622
5482-NUPNA,0,0.105311014
7410-KTVFV,0,0.11041817
9033-EOXWV,0,0.1366022
8821-XNHVZ,1,0.8957543
8224-KDLKN,0,0.00020223547
4825-FUREZ,0,0.0017382378
7534-BFESC,0,0.45730445
9138-EFSMO,0,0.12578008
4227-OJHAL,0,0.031076465
7279-NMVJC,0,0.09744958
8591-TKMZH,0,0.0057207593
9283-LZQOH,1,0.604512
3594-IVHJZ,0,0.08305857
1945-XISKS,0,0.010326257
4359-INNWN,0,0.04354166
7649-SIJJF,0,0.0014395673
9254-RBFON,0,0.23735532
0970-ETWGE,1,0.91338795
7762-ONLJY,0,0.07136584
6710-HSJRD,0,0.14392358
8873-GLDMH,1,0.9480213
9907-SWKKF,1,0.97400665
4658-HCOHW,1,0.5934283
9330-VOFSZ,0,0.05466469
2860-RANUS,1,0.63279796
6234-PFPXL,0,0.27067554
7205-BAIAD,0,0.0009748752
3858-VOBET,1,0.5995243
5103-MHMHY,1,0.9047502
6119-SPUDB,0,0.0006081411
9389-ACWBI,0,0.3585465
3454-JFUBC,0,0.0006339179
1768-ZAIFU,1,0.9645221
7017-VFULY,0,0.11509508
9221-OTIVJ,1,0.58499247
2482-CZGBB,1,0.5888981
7018-WBJNK,0,0.29295072
3331-HQDTW,0,0.10072841
4695-VADHF,0,0.2444057
4086-WITJG,0,0.0007929645
6297-NOOPG,0,0.041654307
8777-PVYGU,0,0.0025833899
4378-MYPGO,0,0.03569546
9313-CDOGY,0,0.022976926
4121-AGSIN,0,0.0071669645
0432-CAJZV,1,0.8038768
9097-ZUBYC,0,0.16198698
9638-JIQYA,0,0.3551941
1024-GUALD,1,0.73279184
8024-XNAFQ,0,0.0029676852
7587-RZNME,0,0.41825852
1346-UFHAX,0,0.25937682
6374-NTQLP,0,0.013121672
6625-FLENO,0,0.01685806
7375-WMVMT,0,0.0007938657
6910-HADCM,1,0.87433445
7401-JIXNM,0,0.02109628
7338-ERIVA,0,0.009176093
5376-DEQCP,1,0.8984913
0909-SELIE,0,0.0028333606
5419-KLXBN,1,0.5668243
0365-TRTPY,0,0.10585273
6712-OAWRH,1,0.547762
2428-ZMCTB,0,0.11624478
1963-VAUKV,0,0.49139592
9381-NDKME,1,0.56999785
3729-OWRVL,0,0.08423536
0895-LMRSF,0,0.11092875
2676-SSLTO,0,0.027512385
8495-PRWFH,1,0.6336853
9030-QGZNL,0,0.015251186
9972-NKTFD,0,0.044983983
7998-WNZEM,0,0.001379852
0979-PHULV,0,0.21335964
6445-TNRXS,0,0.04708119
9586-JGQKH,0,0.015710138
3966-HRMZA,1,0.5997193
5498-IBWPI,0,0.0045243753
6823-SIDFQ,0,0.00023874352
2323-ARSVR,0,0.038155407
5468-BPMMO,0,0.040600747
0486-HECZI,0,0.09402202
2178-PMGCJ,0,0.30181664
4660-IRIBM,1,0.594054
9674-EHPPG,0,0.0016457636
5606-AMZBO,1,0.597456
0665-XHDJU,0,0.15010673
5402-HTOTQ,0,0.33642596
8258-GSTJK,1,0.8415428
3787-TRIAL,0,0.3092105
6175-IRFIT,1,0.88170433
6317-YPKDH,0,0.41580722
5692-FPTAH,1,0.79445064
5373-SFODM,1,0.7139416
0868-VJRDR,0,0.079742044
4079-VTGLK,0,0.10149
1166-PQLGG,0,0.00097497506
5296-BFCYD,0,0.0007932607
6568-POCUI,0,0.042409047
2839-RFSQE,0,0.26378858
2188-SXWVT,0,0.0026953071
8849-GYOKR,0,0.13178346
3623-FQBOX,0,0.0195653
2649-HWLYB,0,0.0075064516
0599-XNYDO,0,0.48951894
2514-GINMM,1,0.96820104
8401-EMUWF,0,0.008901366
5766-ZJYBB,1,0.55809087
2604-IJPDU,1,0.95112884
2501-XWWTZ,0,0.4938907
6370-ZVHDV,0,0.001303302
3027-YNWZU,0,0.005820498
4526-ZJJTM,0,0.43536916
0440-QEXBZ,0,0.038646914
0330-IVZHA,1,0.6030148
9758-MFWGD,0,0.45069197
4229-CZMLL,1,0.88971984
0742-MOABM,0,0.35759947
4277-BWBML,0,0.0005950006
5136-GFPMB,0,0.16336064
7520-HQWJU,0,0.021765394
6304-IJFSQ,1,0.52431244
0297-RBCSG,0,0.31934863
6013-BHCAW,0,0.01680367
4402-FTBXC,0,0.013942135
1471-GIQKQ,0,0.26579216
4283-FUTGF,1,0.7847374
9548-LERKT,0,0.0037963775
8059-UDZFY,0,0.38399598
0410-IPFTY,0,0.41710064
2478-EEWWM,1,0.57777447
4619-EVPHY,0,0.23766318
2277-DJJDL,0,0.036473557
2911-WDXMV,0,0.08041598
3639-XJHKQ,0,0.4770955
8173-RXAYP,0,0.0028001438
4537-CIBHB,0,0.053921286
5442-BXVND,0,0.084372036
2308-STERM,0,0.2058899
7159-NOKYQ,0,0.21163434
6075-QMNRR,0,0.0043131765
3694-GLTJM,0,0.056970723
9629-NHXFW,1,0.59631705
7167-PCEYD,0,0.0030937395
2748-MYRVK,0,0.4110404
4223-WOZCM,1,0.86528504
6946-LMSQS,0,0.091865666
5469-NUJUR,0,0.0037159103
6388-TABGU,0,0.006757252
1261-FWTTE,0,0.34513566
8590-YFFQO,0,0.0433377
0082-OQIQY,0,0.31828618
9465-RWMXL,1,0.7022569
2930-UOTMB,0,0.08764773
9128-CPXKI,1,0.7432291
0484-FFVBJ,0,0.20622073
1100-DDVRV,0,0.49222738
9313-QOLTZ,0,0.018084956
3338-CVVEH,1,0.9237308
1131-SUEKT,0,0.015142457
7602-DBTOU,0,0.0036107274
1385-TQOZW,0,0.0830178
6892-XPFPU,1,0.59883976
4115-NZRKS,0,0.47663465
5514-YQENT,0,0.046240266
6319-IEJWJ,0,0.38146812
8849-AYPTR,0,0.4201035
5893-PYOLZ,0,0.0038232415
7180-PISOG,1,0.9082334
8443-ZRDBZ,1,0.74436057
9079-YEXQJ,0,0.18314752
3780-YVMFA,0,0.17783113
6968-MHOMU,0,0.30396852
0899-LIIBW,0,0.48486722
3677-IYRBF,0,0.22841369
8393-DLHGA,0,0.48467392
7691-XVTZH,0,0.07946346
5360-LJCNJ,0,0.12695569
3891-PUQOD,0,0.17184114
0952-KMEEH,1,0.9494478
4919-IKATY,0,0.23441677
9746-UGFAC,0,0.028203685
9108-EQPNQ,0,0.051949818
0531-ZZJWQ,0,0.43325013
8763-KIAFH,0,0.0030456393
5863-OOKCL,0,0.015530265
2958-NHPPS,0,0.09982185
9530-GRMJG,0,0.0027182074
1809-DMJHQ,1,0.56785434
0164-XAIRP,0,0.0027276
2926-JEJJC,0,0.11511315
1169-WCVAK,0,0.10114672
1217-VASWC,0,0.21845216
2452-KDRRH,0,0.3603499
6402-EJMWF,1,0.537617
7663-CUXZB,0,0.114323765
4312-KFRXN,0,0.0009297795
3011-WQKSZ,0,0.22309554
9747-DDZOS,1,0.7108655
2091-MJTFX,0,0.080462575
0388-EOPEX,1,0.74146163
3161-ONRWK,0,0.0034815492
2587-EKXTS,0,0.40663034
9752-ZNQUT,0,0.46010324
9572-WUKSB,1,0.59512836
3836-FZSDJ,0,0.00138131
8805-JNRAZ,0,0.34475684
3069-SSVSN,1,0.7655528
8015-IHCGW,0,0.0039517456
8132-YPVBX,1,0.82391626
0235-KGSLC,1,0.9310931
1302-UHBDD,1,0.5005082
3722-WPXTK,1,0.8821671
7531-GQHME,0,0.07726443
1335-NTIUC,0,0.45101997
9367-TCUYN,0,0.20016466
1536-HBSWP,0,0.31346753
8573-JGCZW,0,0.033255387
2694-CIUMO,1,0.5782882
2027-FECZV,1,0.75483906
9103-TCIHJ,0,0.045775387
1545-JFUML,0,0.042333648
0524-IAVZO,1,0.9164326
5519-TEEUH,0,0.010731117
6654-QGBZZ,1,0.7752251
2294-DMMUS,0,0.165531
0017-IUDMW,0,0.007989242
5018-LXQQG,0,0.026343547
5808-TOTXO,0,0.026236704
1174-FGIFN,0,0.1178536
0730-KOAVE,0,0.40305904
1218-VKFPE,0,0.0054468564
5313-FPXWG,0,0.02482543
2834-JKOOW,0,0.2213721
9430-NKQLY,0,0.00048640673
0363-QJVFX,0,0.02166801
1658-TJVOA,1,0.7935863
6685-GBWJZ,0,0.06455963
6328-ZPBGN,1,0.85550404
4003-FUSHP,0,0.10301341
7690-KPNCU,0,0.026021386
2969-WGHQO,0,0.03174875
1855-CFULU,0,0.1320825
9788-YTFGE,0,0.16048597
8266-VBFQL,0,0.3174482
2325-NBPZG,1,0.52645004
9906-NHHVC,0,0.13984287
2541-YGPKE,0,0.09975524
5049-MUBWG,0,0.022612875
2332-TODQS,0,0.022183148
4419-UJMUS,0,0.009024731
2233-TXSIU,0,0.027526401
6770-XUAGN,0,0.19610675
2919-HBCJO,0,0.36322138
9508-ILZDG,1,0.5092948
5442-BHQNG,1,0.7545167
7250-EQKIY,1,0.8481755
6838-HVLXG,0,0.13261402
9767-FFLEM,0,0.12840879
2245-ADZFJ,0,0.016542926
1150-WFARN,0,0.058090255
9054-FOWNV,1,0.5690034
7997-EASSD,0,0.0061305715
7560-QJAVJ,0,0.044713855
2668-TZSPS,0,0.4215918
9139-WQQDY,0,0.18000863
6726-NNFWD,0,0.011067666
9330-DHBFL,0,0.073829226
5727-MYATE,0,0.00026644103
2824-DXNKN,0,0.0067822444
6166-ILMNY,1,0.7921899
5236-XMZJY,0,0.15204163
1709-EJDOX,0,0.011138466
4962-CHQPW,0,0.0024681122
0301-FIDRB,0,0.0008678069
1820-TQVEV,1,0.98133814
9115-YQHGA,0,0.11899723
1541-ETJZO,0,0.21665137
6230-BSUXY,1,0.98876905
6797-LNAQX,0,0.010153572
9588-YRFHY,0,0.022790972
1092-GANHU,0,0.247372
5951-AOFIH,0,0.14710796
7029-RPUAV,0,0.300133
4700-UBQMV,0,0.0566052
3594-UVONA,0,0.026062367
7750-EYXWZ,0,0.0474059
7054-ENNGU,0,0.05120347
0402-OAMEN,0,0.0006576938
2195-VVRJF,0,0.15482841
8819-ZBYNA,0,0.14770448
7748-UMTRK,1,0.8031774
1741-WTPON,0,0.005528769
7209-JCUDS,1,0.7442968
2485-ITVKB,1,0.88251865
9648-BCHKM,0,0.021617446
0743-HRVFF,0,0.020341212
2522-AHJXR,0,0.17950115
9143-CANJF,0,0.33848682
1444-VVSGW,0,0.14886431
6898-MDLZW,0,0.14434695
0074-HDKDG,0,0.05638115
3982-JGSFD,0,0.0025629166
7928-VJYAB,1,0.536527
1522-VVDMG,1,0.6781643
2665-NPTGL,1,0.9256158
8728-SKJLR,0,0.4183276
7733-UDMTP,0,0.3446157
0431-APWVY,0,0.18451867
5081-NWSUP,0,0.14065103
2746-DIJLO,0,0.1608941
7277-OZCGZ,0,0.18098798
5236-PERKL,0,0.04959108
2788-CJQAQ,0,0.018061541
3096-WPXBT,0,0.119090565
9962-BFPDU,1,0.5372391
2892-GESUL,0,0.013908642
9741-YLNTD,1,0.7651774
1205-WNWPJ,0,0.11661508
3173-NVMPX,0,0.25275382
9661-MHUMO,0,0.20844617
6000-APYLU,1,0.71104157
0048-PIHNL,0,0.0019734248
9420-LOJKX,1,0.77386224
7061-OVMIM,0,0.019849481
5671-RQRLP,0,0.025396667
5129-JLPIS,1,0.7291877
5170-PTRKA,0,0.0042250864
4819-HJPIW,0,0.14981732
8780-RSYYU,0,0.013098771
2335-GSODA,0,0.00613455
5696-CEIQJ,0,0.008336185
6169-PPETC,0,0.0005202122
4237-RLAQD,1,0.8587095
7359-WWYJV,0,0.0023767191
8620-RJPZN,1,0.5346357
7426-WEIJX,0,0.0728681
7629-WIXZF,0,0.06990201
2616-FLVQC,0,0.01277473
9163-GHAYE,0,0.1417736
4464-JCOLN,0,0.02535456
2971-SGAFL,0,0.08746457
4735-ASGMA,1,0.940948
5245-VDBUR,0,0.0013349386
1493-AMTIE,0,0.25361118
1112-CUNAO,1,0.7807108
7571-YXDAD,1,0.9257387
8714-EUHJO,0,0.19013536
9040-KZVWO,0,0.042345673
6713-OKOMC,0,0.11019542
8749-CLJXC,1,0.61758816
4713-LZDRV,1,0.90034384
6598-RFFVI,0,0.030288644
7470-MCQTK,0,0.25185204
5524-KHNJP,0,0.03371431
1707-HABPF,0,0.07049453
4581-LNWUM,0,0.38107166
9710-ZUSHQ,0,0.46983242
1697-LYYYX,0,0.0026979463
4013-GUXND,1,0.6581403
5022-JNQEQ,1,0.612179
4983-CCWMC,1,0.58971244
6345-FZOQH,0,0.0011896199
0962-CQPWQ,0,0.0011346185
5495-GPSRW,0,0.002010634
2252-JHJGE,0,0.07759713
7356-AYNJP,0,0.14918223
2019-HDCZY,0,0.1760035
8582-KRHPJ,0,0.026202329
2867-UIMSS,1,0.91942173
3487-EARAT,0,0.071851596
9926-PJHDQ,0,0.02132097
0289-IVARM,0,0.118989035
4672-FOTSD,0,0.06036476
6198-PNNSZ,0,0.10718382
7603-USHJS,0,0.17265579
6784-XYJAE,0,0.07776211
3858-XHYJO,0,0.39232758
1087-UDSIH,0,0.15550222
7251-LJBQN,0,0.47834232
3200-MNQTF,0,0.07367586
9359-UGBTK,0,0.04848368
8160-HOWOX,0,0.36204472
0258-NOKBL,1,0.89849865
2800-QQUSO,1,0.8829508
2129-ALKBS,0,0.02244719
9972-VAFJJ,0,0.06965786
4693-VWVBO,0,0.34471095
6969-MVBAI,1,0.5163999
4821-WQOYN,0,0.0006802305
6769-DYBQN,1,0.5965769
4018-PPNDW,0,0.004146033
6288-CHQJB,0,0.0024845458
4905-JEFDW,1,0.75834996
0559-CKHUS,0,0.0021246092
2659-VXMWZ,0,0.058305338
6559-RAKOZ,1,0.5436922
8809-XKHMD,0,0.0015974804
6365-HITVU,0,0.00047951957
0134-XWXCE,0,0.111916974
9720-JJJOR,0,0.088726446
2782-LFZVW,0,0.39965552
6112-KTHFQ,0,0.08128104
9220-ZNKJI,0,0.008674821
9820-RMCQV,0,0.40229172
9013-AQORL,0,0.13948119
2040-OBMLJ,0,0.035538115
5574-NXZIU,0,0.26136884
5446-DKWYW,0,0.014571879
0480-KYJVA,0,0.0009111055
1074-AMIOH,0,0.038045492
0015-UOCOJ,1,0.6432117
0256-LTHVJ,0,0.04494153
4547-LYTDD,0,0.33716217
1077-HUUJM,1,0.7877721
2041-JIJCI,1,0.60260534
1555-HAPSU,0,0.0018244036
4323-SADQS,0,0.14485657
3292-PBZEJ,0,0.327636
6203-HBZPA,0,0.007459948
9755-JHNMN,0,0.0030929453
7369-TRPFD,0,0.0016017937
9878-TNQGW,1,0.7923126
2279-AXJJK,0,0.42947143
5016-IBERQ,1,0.8100828
1016-DJTSV,1,0.57013863
8433-WPJTV,0,0.0057087266
8903-XEBGX,1,0.6403991
2632-TACXW,0,0.00817663
7952-OBOYL,1,0.95980036
1470-PSXNM,0,0.11534845
6227-HWPWX,0,0.25688478
5924-SNGKP,0,0.0019582496
8818-DOPVL,0,0.4997462
4521-WFJAI,0,0.018266724
4724-WXVWF,1,0.6376258
3717-OEAUQ,1,0.73081774
8165-ZJRNM,0,0.001292349
7838-LAZFO,0,0.0534302
0513-RBGPE,0,0.03111794
7251-XFOIL,0,0.056119792
2525-GVKQU,0,0.01832986
7579-OOPEC,0,0.23937865
3795-GWTRD,0,0.00760307
4750-ZRXIU,1,0.8702148
5445-PZWGX,0,0.046563838
0516-UXRMT,0,0.10279668
0727-BNRLG,0,0.033762205
3932-CMDTD,1,0.6045797
1264-FUHCX,0,0.096385054
6194-HBGQN,0,0.044301853
4524-QCSSM,0,0.17288783
4570-QHXHL,1,0.8455244
2972-YDYUW,0,0.25335592
2061-VVFST,0,0.04252031
6874-SGLHU,0,0.13850318
9844-FELAJ,0,0.20610102
1902-XBTFB,1,0.90084934
9039-RBEEE,0,0.021237498
9369-XFEHK,0,0.33682272
3680-CTHUH,0,0.11694055
3679-XASPY,0,0.47209582
9089-UOWJG,0,0.060252294
1574-DYCWE,0,0.011009722
9779-DPNEJ,0,0.12534072
2967-MXRAV,0,0.009217767
0327-WFZSY,0,0.18126158
1731-TVIUK,1,0.8571451
7666-WKRON,0,0.098051675
3865-ZYKAD,0,0.114341535
1465-LNTLJ,0,0.034301553
2696-RZVZW,0,0.0039367853
0685-MLYYM,1,0.8589808
2778-OCLGR,0,0.4448701
3982-XWFZQ,0,0.055711843
4759-PXTAN,0,0.03835643
1448-PWKYE,1,0.82164377
8741-LQOBK,0,0.056887817
8650-RHRKE,0,0.44267616
7266-GSSJX,0,0.03352353
1265-HVPZB,0,0.07566429
9640-ZSLDC,0,0.028778663
0988-JRWWP,1,0.71792895
1926-QUZNN,0,0.00084747287
9025-ZRPVR,0,0.031215461
6527-PZFPV,0,0.006104982
7460-ITWWP,0,0.47951925
1530-ZTDOZ,0,0.034867767
4785-FCIFB,0,0.010212818
9717-QEBGU,1,0.52776945
0876-WDUUZ,1,0.87713885
7881-EVUAD,1,0.7499868
4002-BQWPQ,0,0.11208063
6377-WHAOX,1,0.6675128
5027-YOCXN,0,0.14812452
8450-JOVAH,0,0.08558637
6646-QVXLR,0,0.1571105
0254-KCJGT,0,0.06584983
3442-ZHHCC,0,0.0843981
9167-APMXZ,0,0.2894374
0616-ATFGB,1,0.9608607
7273-TEFQD,1,0.9788126
8245-UMPYT,1,0.80361336
6022-UGGSO,1,0.809503
6292-TOSSS,0,0.028008968
5207-PLSTK,1,0.5009804
3908-BLSYF,1,0.58428496
4317-VTEOA,1,0.7925474
0625-AFOHS,0,0.0012745485
4667-OHGKG,1,0.5180875
2386-OWURY,0,0.10865972
3780-DDGSE,0,0.13978122
1047-RNXZV,0,0.0068119173
3926-YZVVX,0,0.049436707
4742-TXUEX,0,0.008380446
8709-KRDVL,1,0.5530099
0397-ZXWQF,0,0.0004516179
3910-MRQOY,0,0.001507603
2511-MORQY,0,0.017475408
4039-PIMHX,0,0.0805164
8083-YTZES,1,0.8540801
1346-PJWTK,0,0.007409797
3750-YHRYO,0,0.01137353
1236-WFCDV,1,0.6833492
5949-HGVJL,0,0.106140524
9112-WSNPU,1,0.83117163
1360-JYXKQ,0,0.03365481
3585-ISXZP,1,0.8545994
8380-PEFPE,1,0.81752366
9402-ROUMJ,0,0.01360012
4335-UPJSI,0,0.0042956457
6096-EGVTU,0,0.0025449477
8988-ECPJR,0,0.30341965
7677-SJJJK,0,0.015329816
5850-BDWCY,0,0.4291542
2025-JKFWI,1,0.6446719
8028-PNXHQ,0,0.0018973933
8397-MVTAZ,1,0.66968787
4445-ZJNMU,1,0.91056806
3125-RAHBV,0,0.0024368658
6682-QJDGB,0,0.036946967
8840-DQLGN,0,0.05875904
6258-NGCNG,0,0.07877775
5917-RYRMG,0,0.009336328
7157-SMCFK,0,0.14382517
0816-TSPHQ,0,0.18623964
6766-HFKLA,0,0.19222097
7067-KSAZT,0,0.3205397
5155-AZQPB,0,0.017586775
6890-PFRQX,0,0.058894504
3508-VLHCZ,0,0.0011351926
3649-JPUGY,0,0.0003246605
9248-OJYKK,1,0.98146445
7239-HZZCX,1,0.5926405
9860-LISIZ,0,0.0687261
6979-ZNSFF,1,0.88114846
8938-UMKPI,1,0.50073844
1820-DJFPH,0,0.0015034891
0732-OCQOC,0,0.0051254453
6776-TLWOI,0,0.17081553
4940-KHCWD,0,0.017144058
9057-SIHCH,1,0.9380901
9866-QEVEE,0,0.4866816
5542-TBBWB,1,0.9689659
4587-VVTOX,1,0.89933497
6322-HRPFA,0,0.02033669
6284-AHOOQ,0,0.25253135
4530-NDRKU,0,0.0016558865
1751-NCDLI,1,0.92501074
3893-JRNFS,0,0.020451587
5857-XRECV,0,0.047030516
3115-CZMZD,0,0.0019259397
4489-SNOJF,0,0.07893431
1051-GEJLJ,0,0.45288786
3563-SVYLG,0,0.004071002
4301-VVZKA,1,0.67461
9351-HXDMR,0,0.01995125
5161-XEUVX,0,0.09079464
3088-FVYWK,0,0.081228964
9812-GHVRI,0,0.41613078
1370-GGAWX,0,0.11884642
6023-YEBUP,1,0.9680531
9940-RHLFB,1,0.72997946
4541-RMRLG,0,0.1786441
2606-RMDHZ,0,0.2019858
5575-TPIZQ,0,0.09717914
9378-FXTIZ,0,0.1732331
4631-OACRM,1,0.61076653
8593-WHYHV,1,0.9222459
1403-GYAFU,0,0.0004995522
7641-TQFHN,0,0.016992643
4237-CLSMM,0,0.07787456
4360-PNRQB,0,0.2648349
5334-AFQJB,0,0.001397452
9308-ANMVE,0,0.09986233
3530-VWVGU,0,0.045983057
4674-HGNUA,0,0.00067431486
3030-YDNRM,1,0.7802751
3642-BYHDO,0,0.00049974344
0440-UEDAI,0,0.06433013
9819-FBNSV,0,0.32416835
9289-LBQVU,0,0.28266484
4468-YDOVK,1,0.56919646
2001-EWBQU,0,0.2679296
9992-UJOEL,0,0.3274496
8409-WQJUX,0,0.0181091
3077-RSNTJ,0,0.1337358
6993-YCOBK,0,0.09973054
4817-VYYWS,0,0.3969087
4702-HDRKD,0,0.0008712598
3251-YMVWZ,0,0.052401602
4190-MFLUW,0,0.055012304
4678-DVQEO,1,0.61649156
4701-AHWMW,0,0.019486148
2987-BJXIK,0,0.00048542666
1730-VFMWO,0,0.077742025
1936-UAFEH,0,0.29302582
5140-FOMCQ,0,0.122499086
8778-LMWTJ,1,0.80583453
9840-DVNDC,1,0.6719111
8033-VCZGH,1,0.72116846
8580-QVLOC,0,0.0015249643
6128-AQBMT,1,0.7387208
6257-RJOHI,1,0.63766253
1929-ZCBHE,0,0.026919367
6242-SGYTS,0,0.017093463
7010-ZMVBF,0,0.049630456
3519-ZKXGG,1,0.6115385
5666-MBJPT,0,0.0029174846
3313-QKNKB,0,0.1692912
7581-EBBOU,0,0.048096802
1784-BXEFA,0,0.09181953
7492-TAFJD,0,0.020056305
5213-TWWJU,0,0.067539036
3312-ZWLGF,0,0.35960758
2923-ARZLG,0,0.029385947
7032-LMBHI,0,0.0070654005
8292-ITGYJ,0,0.0049658343
9107-UKCKY,0,0.07970302
6848-HJTXY,0,0.021561539
4184-VODJZ,0,0.041601826
4846-WHAFZ,0,0.41588202
8735-SDUFN,0,0.0035081261
0839-JTCUD,0,0.0053940685
6857-VWJDT,1,0.9634116
7363-QTBIW,1,0.8484742
6158-HDPXZ,1,0.92916125
5419-CONWX,1,0.95401293
9286-DOJGF,0,0.43383878
2408-PSJVE,0,0.108356215
2087-QAREY,0,0.30058283
6777-TGHTM,1,0.7539287
6507-ZJSUR,1,0.5965341
5025-GOOKI,0,0.050462794
6080-LNESI,0,0.0171351
2236-HILPA,0,0.0005641462
1386-ZIKUV,0,0.0444033
3365-SAIGS,0,0.4793626
6061-GWWAV,0,0.027412444
9979-RGMZT,1,0.9283223
8445-DNBAE,0,0.2184101
6872-HXFNF,0,0.010739386
1320-HTRDR,1,0.8312083
3923-CSIHK,0,0.4139838
2446-ZKVAF,0,0.048040282
4640-UHDOS,0,0.28898543
5457-COLHT,0,0.003378309
2254-DLXRI,1,0.96896017
5339-PXDVH,0,0.2972665
2386-LAHRK,1,0.7836183
5062-CJJKH,0,0.07343268
8930-XOTDP,0,0.06694804
4779-ZGICK,0,0.0075365403
9534-NSXEM,0,0.0028158363
3716-BDVDB,1,0.98133814
9842-EFSYY,0,0.39934137
9122-UMROB,1,0.5467877
1867-BDVFH,1,0.7599382
5949-EBSQK,0,0.032836344
4160-AMJTL,0,0.3300307
8622-ZLFKO,1,0.96264666
2990-IAJSV,0,0.00010303441
6064-ZATLR,0,0.0013973182
7409-KIUTL,1,0.7538637
5505-OVWQW,0,0.057078607
3948-KXDUF,0,0.018939108
9814-AOUDH,0,0.1687167
7398-LXGYX,0,0.13648163
5266-PFRQK,0,0.036045905
1568-BEKZM,0,0.011655658
2692-PFYTJ,0,0.23102064
2533-QVMSK,0,0.024005689
5828-AVIPD,0,0.39533508
2907-ILJBN,0,0.033093132
5226-NOZFC,1,0.81044436
7114-AEOZE,0,0.029333485
2202-CUYXZ,1,0.8568671
3466-RITXD,1,0.53050786
7278-CKDNC,1,0.68810964
1956-YIFGE,0,0.49206707
0422-UXFAP,1,0.7308599
3733-UOCWF,0,0.0046341303
7191-ADRGF,0,0.087046355
5709-LVOEQ,0,0.005715733
6034-YMTOB,1,0.7341181
6372-RFVNS,1,0.96706635
9052-DHNKM,0,0.12995017
5609-IMCGG,0,0.23924497
2959-MJHIC,1,0.54162365
1319-YLZJG,0,0.27945387
7623-TRNQN,0,0.09787523
0377-JBKKT,0,0.05299807
1936-CZAKF,0,0.0648501
5063-IUOKK,0,0.007824753
8646-JCOMS,0,0.022420023
0979-MOZQI,0,0.05058272
1525-LNLOJ,0,0.034460615
5759-RCVCB,1,0.52771175
9968-FFVVH,0,0.010863108
2266-FUBDZ,0,0.0048195748
4760-THGOT,0,0.36879134
2307-FYNNL,0,0.23618098
1143-NMNQJ,1,0.94978213
1629-DQQVB,0,0.17437899
3766-EJLFL,0,0.086758286
8457-XIGKN,0,0.064147785
4981-FLTMF,0,0.021365153
7606-BPHHN,0,0.0005252288
7005-CCBKV,1,0.5466599
4648-YPBTM,0,0.0056229765
2325-ZUSFD,0,0.0061347247
1240-KNSEZ,1,0.89152724
0430-IHCDJ,1,0.80490583
7957-RYHQD,1,0.5538737
6164-HAQTX,0,0.00081157085
0749-IRGQE,1,0.7135442
1227-UDMZR,0,0.00023423004
5473-KHBPS,0,0.035707913
5297-MDOIR,0,0.013494657
8873-TMKGR,0,0.00040809019
6481-ESCNL,0,0.25319666
0463-WZZKO,0,0.078999095
1038-RQOST,0,0.014599005
4937-QPZPO,1,0.55918735
3604-WLABM,0,0.09998049
1360-XFJMR,0,0.30691734
8717-VCTXJ,0,0.004829202
5196-SGOAK,1,0.9508832
8739-XNIKG,1,0.89363897
2320-TZRRH,0,0.020571765
5186-SAMNZ,1,0.7888891
5760-FXFVO,1,0.72497725
5380-WJKOV,1,0.6324251
4703-MQYKT,0,0.006351796
2001-MCUUW,1,0.59531885
4947-DSMXK,0,0.20604917
0076-LVEPS,0,0.105759814
5566-SOEZD,0,0.46270514
7408-OFWXJ,0,0.00031918017
1097-FSPVW,0,0.1686489
4412-YLTKF,1,0.62076604
0420-TXVSG,0,0.08959505
7817-BOQPW,1,0.8599516
0963-ZBDRN,0,0.4805532
9685-WKZGT,1,0.74071825
2139-FQHLM,0,0.09537007
5825-XJOCM,0,0.009080505
0004-TLHLJ,0,0.30463186
7529-ZDFXI,0,0.37700626
6848-YLDFR,0,0.04472785
5820-PTRYM,0,0.04207514
2984-RGEYA,0,0.004352204
6434-TTGJP,0,0.0011200822
9643-AVVWI,1,0.9723155
3506-OVLKD,0,0.00668792
4946-EDSEW,0,0.071738236
2924-KHUVI,0,0.24102987
2263-SFSQZ,0,0.009921789
5281-BUZGT,0,0.29764023
3717-FDJFU,0,0.0015207236
2239-CFOUJ,0,0.04536114
8699-ASUFO,1,0.6780392
1122-YJBCS,0,0.009989817
0628-CNQRM,0,0.013500207
1705-GUHPV,0,0.011579131
4877-TSOFF,0,0.0036048377
7404-JLKQG,0,0.37156734
0379-DJQHR,0,0.011408966
8993-PHFWD,1,0.6744829
3930-ZGWVE,1,0.5926405
1965-DDBWU,0,0.067756385
7572-KPVKK,0,0.35202295
6854-EXGSF,0,0.09418524
9483-GCPWE,0,0.017406205
8053-WWDRO,0,0.3040717
9473-CBZOP,0,0.008170012
3985-HOYPM,0,0.005413743
8378-LKJAF,0,0.058398362
1310-QRITU,1,0.75568306
3237-AJGEH,0,0.20543393
6542-LWGXJ,1,0.6857421
6953-PBDIN,0,0.008407116
6332-FBZRI,0,0.07954406
9365-CSLBQ,0,0.00059309794
3466-WAESX,0,0.18091208
9700-ISPUP,0,0.3913899
5167-ZFFMM,1,0.9582703
7669-LCRSD,0,0.18451656
0870-VEMYL,0,0.13114575
2995-UPRYS,0,0.3332325
3179-GBRWV,0,0.122363284
0701-TJSEF,0,0.053110875
1848-LBZHY,0,0.3339696
5380-XPJNZ,0,0.0045483694
6608-QQLVK,1,0.9282576
1475-VWVDO,1,0.84374696
3721-CNEYS,1,0.8294041
4299-OPXEJ,0,0.03718347
0096-BXERS,1,0.52193314
3055-VTCGS,0,0.028397275
9405-GPBBG,0,0.05963318
6704-UTUKK,0,0.41820532
9944-AEXBM,1,0.79816586
2545-EBUPK,1,0.9451479
6270-OMFIW,0,0.373442
1852-XEMDW,0,0.22333577
8158-WPEZG,0,0.026383927
5198-EFNBM,0,0.19965115
7663-RGWBC,1,0.52647305
3970-XGJDU,0,0.015521992
6845-RGTYS,0,0.33116865
0123-CRBRT,0,0.0012607025
6077-BDPXA,1,0.6924428
2250-IVBWA,0,0.05367981
6137-NICCO,1,0.98016787
8129-GMVGI,0,0.008164558
4353-HYOJD,0,0.08353645
8671-KKKOS,0,0.030581867
8080-DDEMJ,1,0.6603506
6698-OXETB,0,0.0022744127
3312-UUMZW,0,0.45366764
6376-GAHQE,1,0.8048878
0733-VUNUW,0,0.028507615
6733-LRIZX,0,0.09688165
2165-VOEGB,0,0.12898955
1853-UDXBW,1,0.9345139
9070-BCKQP,0,0.0007553516
1035-IPQPU,0,0.16943078
2057-ZBLPD,0,0.4844114
6967-PEJLL,0,0.104636855
7879-CGSFV,0,0.10019698
2257-BOVXD,0,0.28611115
9822-BIIGN,0,0.003982673
1136-XGEQU,0,0.055171568
2439-LYPMQ,1,0.6538998
6543-XRMYR,1,0.7048018
5753-QQWPW,0,0.29815763
4785-QRJHC,0,0.13295463
0052-YNYOT,0,0.011118993
7054-LGEQW,1,0.8906722
0608-JDVEC,0,0.05015097
6284-KMNUF,0,0.17807373
6286-SUUWT,1,0.8103168
3594-KADLU,0,0.19627537
0536-ACXIP,0,0.027458705
8869-TORSS,0,0.025389766
0373-AIVNJ,0,0.20131776
6429-SHBCB,0,0.24765305
5751-USDBL,0,0.0012092602
6815-ABQFQ,0,0.045130126
9450-TRJUU,1,0.58625585
2805-AUFQN,0,0.0047409525
7855-DIWPO,1,0.8385837
0174-QRVVY,0,0.00040235807
9507-EXLTT,1,0.975995
8390-FESFV,0,0.005196369
0661-KBKPA,0,0.02479734
6856-RAURS,1,0.9302259
7322-OCWHC,0,0.0009826574
2203-GHNWN,0,0.15421703
3413-CSSTH,0,0.10826807
3006-XIMLN,1,0.94398636
3750-CKVKH,1,0.75850725
0576-WNXXC,1,0.7954382
7056-IMHCC,1,0.59823304
0866-QLSIR,0,0.0042940923
1628-BIZYP,1,0.9464432
2230-XTUWL,0,0.0044135065
1980-KXVPM,1,0.89279664
8619-IJNDK,0,0.0029983844
2960-NKRSO,0,0.41510624
6705-LXORM,1,0.5864257
7130-VTEWQ,0,0.31763232
9364-YKUVW,0,0.29180568
2761-OCIAX,0,0.12481018
7996-BPXHY,0,0.010783793
4248-QPAVC,0,0.24942522
9357-UJRUN,0,0.29031944
6340-DACFT,0,0.0076235
1023-BQXZE,0,0.004571861
5480-HPRRX,1,0.8789702
9576-SYUHJ,0,0.2794919
2169-RRLFW,0,0.0016509378
8338-QIUNR,0,0.005087451
0463-TXOAK,0,0.040371023
4396-KLSEH,0,0.361943
5186-EJEGL,0,0.24721552
9334-GWGOW,1,0.858259
5696-JVVQY,0,0.010906071
9633-DENPU,0,0.09513303
0581-BXBUB,0,0.21333776
2750-BJLSB,0,0.13002643
2770-NSVDG,0,0.38441855
8280-MQRQN,1,0.87488854
7851-FLGGQ,1,0.71017534
9374-YOLBJ,1,0.5132623
6583-SZVGP,0,0.37040454
2150-OEGBV,0,0.0027251705
9372-TXXPS,0,0.009143946
6933-FHBZC,0,0.030976996
4698-KVLLG,0,0.007211406
8752-STIVR,1,0.8849312
8623-ULFNQ,0,0.22453026
9822-WMWVG,0,0.18948184
4304-TSPVK,0,0.24643558
1716-LSAMB,0,0.01982577
3523-QRQLL,0,0.055133536
2187-PKZAY,0,0.3317597
1895-QTKDO,1,0.50252676
8161-QYMTT,1,0.90999925
2955-PSXOE,0,0.3605307
6834-NXDCA,1,0.86302817
8701-DGLVH,0,0.007899347
2480-SQIOB,0,0.32827693
4993-JCRGJ,0,0.09879598
0581-MDMPW,0,0.25746858
7789-CRUVC,0,0.033568066
0164-APGRB,0,0.00837467
8034-RYTVV,0,0.017703798
3018-TFTSU,0,0.2034998
9777-IQHWP,0,0.13934754
6899-PPEEA,1,0.88273686
6701-YVNQG,0,0.0002974002
7649-PHJVR,0,0.015239045
9278-VZKCD,0,0.18111503
7636-PEPNS,0,0.034482367
1575-KRZZE,1,0.6885261
8590-OHDIW,0,0.0016300001
7764-BDPEE,0,0.042457
9480-BQJEI,0,0.07677771
3354-OADJP,0,0.047014203
3181-MIZBN,0,0.46026033
9327-QSDED,0,0.1586704
4892-VLANZ,1,0.854102
0298-XACET,0,0.0010131447
6917-FIJHC,0,0.0017928454
6557-BZXLQ,1,0.6807665
2432-TFSMK,0,0.23985025
4211-MMAZN,0,0.48565015
4751-ERMAN,0,0.0032173742
8430-TWCBX,0,0.13215664
1942-OQFRW,0,0.40503332
4075-JFPGR,0,0.13350438
3339-EAQNV,0,0.030904217
5329-KRDTM,0,0.009869305
0307-BCOPK,0,0.004531218
6473-ULUHT,0,0.029707681
1194-SPVSP,0,0.1927674
7249-WBIYX,1,0.73596597
2293-IJWPS,0,0.26637867
4377-VDHYI,0,0.017530873
0019-EFAEP,0,0.005362126
2480-EJWYP,0,0.30772322
8970-ANWXO,0,0.07986602
8739-WWKDU,1,0.8228234
2171-UDMFD,0,0.1263561
7036-TYDEC,1,0.5893896
3831-YCPUO,0,0.00095912075
0121-SNYRK,0,0.002734188
3325-FUYCG,0,0.19137627
1952-DVVSW,0,0.03305158
3571-DPYUH,0,0.15615766
2077-MPJQO,1,0.5036644
2391-SOORI,0,0.18603493
4086-ATNFV,0,0.01334668
3396-DKDEL,0,0.028090753
7471-MQPOS,0,0.17248316
7181-OQCUT,1,0.96663326
3489-VSFRD,0,0.08284157
6283-GITPX,0,0.0013334322
2845-HSJCY,1,0.7720698
7216-KAOID,0,0.0025550616
6680-WKXRZ,1,0.8979665
2346-LOCWC,0,0.005499136
0769-MURVM,0,0.00080518663
3374-LXDEV,1,0.59874195
5318-YKDPV,0,0.005633526
8190-ZTQFB,1,0.75479203
4512-ZUIYL,1,0.7516802
3090-QFUVD,0,0.3435041
4806-KEXQR,1,0.72314113
2369-FEVNO,1,0.8090925
9637-CDTKZ,0,0.0010625705
2954-PIBKO,0,0.005618467
2212-LYASK,0,0.048634768
9481-SFCQY,0,0.047519315
2828-SLQPF,0,0.058818977
4647-MUZON,0,0.26710126
8212-DJRCH,0,0.4757398
0516-OOHAR,0,0.14146811
4973-RLZVI,0,0.14824517
8089-UZWLX,0,0.034351952
9732-KPKBW,0,0.31174308
9715-WZCLW,0,0.02729181
0257-KXZGU,0,0.021326872
0707-HOVVN,0,0.04002948
5501-TVMGM,1,0.7553756
3422-LYEPQ,1,0.8560474
2277-VWCNI,1,0.54231775
5461-QKNTN,0,0.12405843
3967-KXAPS,0,0.00024460637
6919-ELBGL,0,0.0015201487
8361-LTMKD,1,0.819188
1131-ALZWV,0,0.096785754
5178-LMXOP,1,0.9798654
8992-CEUEN,0,0.15592024
3320-VEOYC,1,0.92270875
3672-YITQD,1,0.7869981
6080-TCMYC,0,0.08399065
6734-FQAJX,0,0.12053983
1063-DHQJF,0,0.012042808
3976-NLDEZ,1,0.71261036
1729-VLAZJ,0,0.010999893
3400-ESFUW,0,0.0027432798
5271-YNWVR,0,0.011794921
1587-FKLZB,0,0.3585229
0958-YHXGP,0,0.4357929
1494-EJZDW,0,0.004869476
1816-FLZDK,0,0.27198648
2075-PUEPR,0,0.0747335
1833-TCXKK,0,0.19751538
1436-ZMJAN,0,0.10049036
0106-UGRDO,0,0.06740028
1069-XAIEM,1,0.99368674
4213-HKBJO,0,0.024530504
8345-MVDYC,0,0.0045663
2672-OJQZP,1,0.78376335
5136-RGMZO,0,0.021184787
5774-QPLTF,0,0.0010174642
5240-CAOYT,0,0.04242124
3707-GNWHM,1,0.9319229
5159-YFPKQ,1,0.7120871
5052-PNLOS,1,0.5667567
6173-GOLSU,1,0.84661543
6661-HBGWL,1,0.7467054
8207-VVMYB,0,0.0029871685
5324-KTGCG,0,0.0012114177
7354-OIJLX,0,0.30525362
9286-BHDQG,0,0.00421729
3567-PQTSO,0,0.10460345
3197-ARFOY,1,0.8488804
5698-BQJOH,1,0.89292073
1090-ESELR,0,0.0037879199
0056-EPFBG,0,0.00859002
4955-VCWBI,0,0.0026422471
4717-GHADL,0,0.02642252
0058-EVZWM,0,0.07927502
7218-HKQFK,1,0.571821
5057-RKGLH,0,0.004127205
2309-OSFEU,1,0.5027416
3429-IFLEM,0,0.0017500876
1550-LOAHA,0,0.19953337
1400-MMYXY,1,0.97598445
7503-QQRVF,1,0.58700335
7504-UWHNB,1,0.86721563
9565-JSNFM,0,0.11836846
4735-BJKOU,0,0.0012802698
3580-GICBM,0,0.00595132
7632-YUTXB,0,0.006422325
9412-ARGBX,0,0.010577553
9576-ANLXO,1,0.85180724
1110-KYLGQ,0,0.05385707
8696-JKZNU,0,0.47765583
8757-TFHHJ,0,0.2776217
2955-BJZHG,0,0.40963796
9048-JVYVF,0,0.14095695
0682-USIXD,0,0.2910377
3884-UEBXB,0,0.0023252557
1776-SPBWV,0,0.013136556
9050-QLROH,0,0.18473724
2925-VDZHY,0,0.00024641698
9512-UIBFX,0,0.41726184
8676-TRMJS,1,0.68939286
3334-CTHOL,0,0.39777377
6331-LWDTQ,0,0.12696175
3847-BAERP,0,0.14846207
4709-LKHYG,0,0.005939135
8621-MNIHH,0,0.40951473
8884-ADFVN,1,0.9128947
2885-HIJDH,0,0.029612254
8570-KLJYJ,0,0.00081056415
9339-FIIJL,0,0.0002126072
6223-DHJGV,0,0.0027073193
0959-WHOKV,0,0.2355611
9610-WCESF,0,0.061333377
9279-CJEOJ,1,0.7417524
2985-FMWYF,1,0.7566305
3540-RZJYU,0,0.28401208
2522-WLNSF,0,0.027683333
6861-XWTWQ,1,0.98554057
8735-NBLWT,0,0.033836693
1744-JHKYS,0,0.029490167
0841-NULXI,1,0.9699662
4016-BJKTZ,1,0.51137924
9298-WGMRW,0,0.008947464
7893-IXHRQ,0,0.4899327
8785-CJSHH,1,0.5514728
7654-YWJUF,0,0.061050724
8909-BOLNL,0,0.23181726
9919-FZDED,0,0.0047873547
0322-CHQRU,0,0.4945123
3587-PMCOY,1,0.73007745
0655-RBDUG,1,0.97331196
0983-TATYJ,0,0.036056362
5650-YLIBA,1,0.52491486
5144-TVGLP,1,0.6764218
3569-EDBPQ,1,0.55248225
4945-RVMTE,0,0.036469027
3511-BFTJW,0,0.0057141883
5537-UXXVS,0,0.15056933
8782-NUUOL,0,0.0023940383
2865-TCHJW,1,0.89745903
9931-KGHOA,0,0.038074978
3071-MVJCD,0,0.00015415231
7279-BUYWN,1,0.69871384
3756-VNWDH,0,0.026016764
1395-OFUWC,0,0.43380308
4223-BKEOR,0,0.05982298
0040-HALCW,0,0.006285183
7124-UGSUR,0,0.07111804
7395-XWZOY,0,0.26716954
5440-VHLUL,1,0.5470224
4706-DGAHW,1,0.6603506
8166-ORCHU,0,0.14999689
3978-YNKDD,0,0.00071182195
7198-GLXTC,1,0.9149294
6366-XIVKZ,0,0.08416009
5133-POWUA,1,0.8587095
8400-WZICQ,0,0.031602945
5382-SOYZL,1,0.83868307
1989-PRJHP,0,0.14536303
4154-AQUGT,0,0.49177825
0980-FEXWF,0,0.0051848358
5845-BZZIB,0,0.0057139797
4840-ORQXB,0,0.37687394
0295-PPHDO,1,0.97053224
8775-ERLNB,1,0.9557883
0376-YMCJC,1,0.67971915
7410-YTJIK,1,0.6991774
9927-DSWDF,1,0.88616604
6681-ZSEXG,0,0.064783506
5702-KVQRD,0,0.021795984
8711-LOBKY,0,0.02230657
9692-TUSXH,1,0.56458116
4012-YCFAI,0,0.0034200198
8455-HIRAQ,0,0.28402653
7853-WNZSY,0,0.10948375
0390-DCFDQ,1,0.6957689
6421-SZVEM,0,0.16958755
3094-JOJAI,0,0.14533629
4873-ILOLJ,1,0.642909
8181-YHCMF,0,0.0005086166
3324-OIRTO,0,0.010992364
9135-HSWOC,0,0.0033650608
2272-WUSPA,0,0.0018001179
4627-MIHJH,0,0.3050983
3896-RCYYE,0,0.0040170047
6729-GDNGC,0,0.172373
9945-PSVIP,0,0.006897404
4137-JOPHL,0,0.018502384
2720-FVBQP,1,0.56710094
7854-EKTJL,0,0.15378949
1133-KXCGE,0,0.02306808
6048-QBXKL,0,0.41222548
6338-AVWCY,1,0.8782245
0013-MHZWF,0,0.0814505
9804-ICWBG,1,0.9689659
2368-GAKKQ,0,0.05124269
4829-AUOAX,0,0.4998053
7876-BEUTG,0,0.4107601
6349-JDHQP,0,0.06272394
3063-QFSZL,1,0.7343427
9142-XMYJH,0,0.01682911
2609-IAICY,1,0.97529924
8626-PTQGE,0,0.0011070363
0230-UBYPQ,0,0.005128211
6814-ZPWFQ,0,0.048717
5921-NGYRH,0,0.031148333
7803-XOCCZ,0,0.023076087
1459-QNFQT,0,0.0041546496
3948-FVVRP,0,0.22319293
0923-PNFUB,0,0.43814856
4654-ULTTN,0,0.30549705
5628-FCGYG,1,0.75740236
0506-LVNGN,1,0.7753685
4329-YPDDQ,0,0.48179877
9866-OCCKE,0,0.008483779
0794-YVSGE,0,0.00022504505
4342-HENTK,1,0.72620267
5934-TSSAU,0,0.031153278
9986-BONCE,0,0.22715315
5301-GAUUY,0,0.19065103
0725-CXOTM,0,0.029360788
2843-CQMEG,0,0.08716351
5600-PDUJF,0,0.47171664
4500-HKANN,0,0.03759573
1862-QRWPE,0,0.007438382
2155-AMQRX,0,0.043210335
0823-HSCDJ,0,0.23541778
4090-KPJIP,1,0.93742543
2737-YNGYW,1,0.87305176
5619-XZZKR,0,0.034786247
6047-YHPVI,1,0.7490867
8375-DKEBR,1,0.9763842
7729-XBTWX,0,0.009997228
4983-CLMLV,0,0.42408988
9227-LUNBG,1,0.7851269
2758-RNWXS,0,0.051532473
7055-HNEOJ,0,0.22193888
7134-MJPDY,1,0.6671487
4560-WQAQW,0,0.010747323
8532-UEFWH,0,0.013604445
8541-QVFKM,1,0.86851794
7129-ACFOG,0,0.1849462
2495-INZWQ,1,0.8494872
0263-FJTQO,0,0.0010173639
0181-RITDD,0,0.032697316
8241-JUIQO,0,0.007741188
0913-XWSCN,0,0.12161397
2159-TURXX,0,0.12916753
6461-PPAXN,0,0.0062045846
1452-KIOVK,0,0.09900582
1139-WUOAH,0,0.0025418666
3207-OYBWH,0,0.27496043
8347-GDTMP,0,0.0091117555
9909-DFRJA,0,0.08809427
6383-ZTSIW,1,0.52099115
5438-QMDDL,0,0.18208405
8914-RBTSB,0,0.38310653
6164-HXUGH,0,0.22228785
6900-RBKER,0,0.11203739
1492-QGCLU,0,0.04824984
6664-FPDAC,0,0.102086395
1088-AUUZZ,0,0.0017628536
6651-AZVTJ,0,0.45807478
8219-VYBVI,0,0.0012319343
0310-MVLET,0,0.13716769
7233-IOQNP,0,0.057821654
7311-MQJCH,0,0.23210143
9256-JTBNZ,0,0.2477678
8713-IGZSO,0,0.07689828
6821-BUXUX,1,0.95163345
9114-DPSIA,0,0.0011641723
4501-UYKBC,0,0.2530854
2798-NYLMZ,1,0.7565457
6711-VTNRE,0,0.30049813
5966-EMAZU,0,0.1418838
3627-FHKBK,1,0.68617904
7861-UVUFT,0,0.13608018
9824-QCJPK,0,0.008108199
7816-VGHTO,0,0.084487826
3794-NFNCH,0,0.01556323
3877-JRJIP,1,0.6789086
5228-EXCET,0,0.3494163
6248-BSHKG,0,0.0017876897
8915-NNTRC,0,0.0030326939
3470-OBUET,0,0.0146067105
3229-USWAR,0,0.027203433
1927-QEWMY,0,0.0003814328
6374-AFWOX,0,0.0005692456
7912-SYRQT,0,0.21219105
2070-FNEXE,1,0.53605825
5803-NQJZO,0,0.00060472434
5651-YLPRD,0,0.31559196
1271-UODNO,0,0.031332888
5014-WUQMG,0,0.013421832
5889-JTMUL,0,0.42594013
0788-DXBFY,0,0.02136469
2669-QVCRG,0,0.1767387
6630-UJZMY,1,0.6269698
5061-PBXFW,0,0.036049884
2700-LUEVA,0,0.35271415
3865-ZFZIB,0,0.0061389594
0471-ARVMX,0,0.10123327
8985-OOPOS,0,0.15926999
0719-SYFRB,0,0.13967523
0447-BEMNG,0,0.034301795
5630-AHZIL,0,0.12962368
2190-BCXEC,0,0.21783245
1559-DTODC,0,0.07594413
3244-DCJWY,1,0.9159244
3967-VQOGC,0,0.0013721419
0265-PSUAE,1,0.59502065
1622-HSHSF,1,0.56084096
9867-XOBQA,0,0.0108189285
6773-LQTVT,0,0.07151319
4332-MUOEZ,0,0.15496498
0023-XUOPT,1,0.8204352
6543-CPZMK,0,0.4146594
6418-HNFED,0,0.0053831046
1036-GUDCL,0,0.009980883
4818-QIUFN,1,0.59413475
0778-NELLA,0,0.45135507
7495-OOKFY,1,0.6721166
4737-HOBAX,0,0.020693101
7919-ZODZZ,0,0.21642761
2988-PLAHS,1,0.93506217
9067-SQTNS,0,0.00092923973
6483-OATDN,0,0.44229046
5469-CTCWN,0,0.032083258
3524-WQDSG,1,0.7225893
6968-URWQU,0,0.47950235
8601-QACRS,1,0.56224936
8690-UPCZI,0,0.0031323363
5331-RGMTT,1,0.6330183
1357-BIJKI,0,0.43483728
2088-IEBAU,0,0.007682113
0679-IDSTG,1,0.9163498
6519-ZHPXP,0,0.009089137
2101-RANCD,1,0.5018504
4029-HPFVY,1,0.7311206
1015-OWJKI,0,0.0711211
8314-HTWVE,0,0.02725791
5357-TZHPP,1,0.79418427
8727-XDPUD,0,0.18627292
9073-ZZIAY,0,0.0068808477
5181-OABFK,0,0.019055605
3812-LRZIR,0,0.037670135
5204-HMGYF,0,0.0065399865
9950-MTGYX,0,0.000467521
3675-EQOZA,0,0.10486113
3646-ITDGM,0,0.10781014
3913-FCUUW,0,0.001213981
